prompt,target
maybe village,maybe village <s> -
together born,together born epic 'spring awakening ' reunion at tony awards
thank crime,thank crime ' at the beach this summer
wanted march,wanted march 31 start
Alison Leiby's Abortion Wasn't A Big Deal. So Why Is It Still So Hard To Talk About?,"alison leiby 's abortion was n't a big deal. so why is it still so hard to talk about ? here are the most popular movies on netflix july 2022 : 'persuasion , ' report finds"
Mariupol Diaries: Scenes Of Despair And Resolve In The Besieged Ukrainian City,mariupol diaries : scenes of despair and resolve in the besieged ukrainian city council
come southern,come southern share photo of car eyed in slayings of muslim men
hello short,hello short to witness an execution
tell practice,tell practice report
know matches,know matches trump and people 's irony meters exploded
listen division,listen division to tuesday for march 31 start
come eastern,"come eastern ukraine , biden administration urges global trade chief to resign amid civil unrest"
second hurt,second hurt tweets from women this week
good california,"good california can set tough vehicle emissions rules again , compares them to 'hiring a hit man ' trailer dives deeper into"
told production,told production of 'into the woods '
tell division,tell division -
right kelly,right kelly accusers testify about his abuse in chicago trial
name grunts,"name grunts <s> eastern kentucky braces for more lethal aid , no-fly zone in call with u.s. congress"
LeVar Burton Says He Was 'Wrecked' About 'Jeopardy!' Controversy,levar burton says he was 'wrecked ' about 'jeopardy ! ' controversy -
time sweetie,"time sweetie testify tuesday in georgia election probe , judge rules"
think district,think district go on strike over kidnappings
look species,look species hits comeback milestone
think lieutenant,"think lieutenant patriot front extremists aiming to 'riot ' at research center kills about 21,000 fish"
mean russian,"mean russian troops killed , sickened by poisoned food from ukraine residents , say officials"
world alright,world alright pence of treason in bonkers rant
around football,around football analyst when he left office
thanks dear,thanks dear <s> -
going site,going site
said australia,said australia
years colspan,years colspan our lives
know britain,know britain remains from d.c. clinic
"Fire Training, Equipment Lacking At U.S. Nuclear Dump: Report","fire training , equipment lacking at u.s. nuclear dump : report"
know fitch,know fitch -
said produced,said produced -
listen south,listen south carolina mall shooting that wounded 14 people
hello county,hello county during traffic stop
please marriage,please marriage ruling
Biden's Ex Daughter-In-Law Opens Up About Marriage To Hunter,biden 's ex daughter-in-law opens up about marriage to hunter record $ 4.65 billion
stuff thank,stuff thank her sexual harasser
"FBI Arrests Baltimore Police Officer For Allegedly Selling Ghost Gun, Drugs","fbi arrests baltimore police officer for allegedly selling ghost gun , drugs : paul haggis detained in italy in sex assault case"
look lake,look lake walked away from a career in journalism. now she 's running for governor by bashing the media .
know turbo,know turbo <s> -
stay known,stay known in their pool
Defenders Inside Mariupol Steel Plant Refuse To Surrender To Russian Forces,"defenders inside mariupol steel plant refuse to surrender to russian forces target airports in western ukraine , biden faces 'headwinds ' on climate change"
hello american,hello american girl doll-core
Texas Sues Biden Administration For Right To Deny Life-Saving Abortions,texas sues biden administration for right to deny life-saving abortions : trudeau
guess stop,guess stop challenge to her rumored breakup with zach braff
please although,please although with big launch
wrong national,wrong national police chief pete arredondo resigns from film academy over oscars slap
going played,going played banner
good initially,good initially is already ratings king after most-watched hbo premiere ever
right create,right create <s> -
think planet,think planet <s> jared kushner dismissed white house
New Law Makes Period Products Free For All In Scotland,new law makes period products free for all in scotland
wrong london,wrong london
east want,east want to ban russian oil giant over ukraine war rages in neighboring ukraine
lost hello,lost hello <s> selena gomez developing reboot of '80s classic 'working girl '
thank primary,thank primary
thing eddie,thing eddie munson of 'stranger things ' creators admit they made huge continuity error in season 4
want district,want district
know outer,know outer <s> -
please various,"please various york poised to restrict abortion , other nations ease access"
come avenue,come avenue -
Maryland Lawmakers Override Governor's Veto Of Abortion Expansion,maryland lawmakers override governor 's veto of abortion expansion <s> nfl seeks arbitration for flores ' racial discrimination suit
little appointed,little appointed -
together hurt,together hurt <s> -
Chelsea Handler On Ending Relationship With Jo Koy: 'I Have To Choose Myself',chelsea handler on ending relationship with jo koy : 'i have to choose myself '
know purchase,"know purchase could increase number of people without enough to eat if you 're gay or transgender , i love you !"
word1 word2,word1 word2 court sides with government in gitmo state secrets case
else road,"else road to recovery , ' 'drive my car ' win top prizes at independent spirit awards"
could gordon,"could gordon shore up postal service , delivery"
The 20 Funniest Tweets From Women This Week (May 21-27),the 20 funniest tweets from women this week ( may 21-27 )
give lieutenant,give lieutenant <s> -
thanks understand,thanks understand <s> how much do tiktok beauty influencers make for sponsored content ?
need academy,need academy over oscars snub in netflix 's 'rescued by ruby ' euthanized
The Funniest Tweets From Parents This Week (May 28-June 3),the funniest tweets from parents this week ( may 28-june 3 )
know score,"know score charge trump , gop rep. madison cawthorn receives a brutal election reality check"
thank field,thank field '
Dave Chappelle Rejects His High School's Offer To Name Theater After Him Amid Controversy,dave chappelle rejects his high school 's offer to name theater after him amid controversy fans gleefully pounce on it
hear control,hear control protections
john supposed,john supposed
take population,"take population grows in suburbs , shrinks in cities"
wrong august,"wrong august as employers add 315,000 jobs"
The Supreme Court Just Made It More Likely Innocent People Will Be Executed,the supreme court just made it more likely innocent people will be executed to world video game hall of fame decision
phone season,phone season after betting on nfl games
right addition,"right addition ' fails the bechdel test , and twitter users have thoughts"
understand river,understand river
talking beautiful,talking beautiful make school lunches
think arthur,think arthur to be heard by la jury
good whoa,good whoa at political comeback
"Kody Clemens, Roger Clemens' Son, Set To Make Major League Debut With Detroit Tigers","kody clemens , roger clemens ' son , set to make major league debut with detroit tigers mar-a-lago"
need works,need works story ' with the aap 's new breastfeeding guidelines
maybe district,maybe district
sleep believe,sleep believe <s> -
make center,"make center kills about 21,000 fish"
want heaven,want heaven -
happened chuckles,happened chuckles -
told august,"told august as employers add 315,000 jobs"
"As War Rages, Paralympics To Open In Beijing Without Russia","as war rages , paralympics to open in beijing without russia launches fight for industrial heartland , ukraine says"
hello united,"hello united <s> after delay , biden readies student loan help , payment pause"
nice company,nice company
right thousand,right thousand brutal election reality check
know nope,know nope owned by canadian mining company
think appeared,think appeared rules tokyo court
mean queen,mean queen <s> -
Bomb-Threatened Black Schools Eligible For Security Grants,bomb-threatened black schools eligible for security grants to raise age for semiautomatic rifles
really station,really station with $ 23 million
like supreme,like supreme court to block map that adds a black-majority district
Kate Moss Denies Ex Johnny Depp Pushed Her Down the Stairs,kate moss denies ex johnny depp pushed her down the stairs
good passenger,good passenger -
Samantha Bee Stunned By 'Gossipy Little Bitch' Mark Meadows' Text Messages,samantha bee stunned by 'gossipy little bitch ' mark meadows ' text messages
everything german,everything german -
safe work,safe work ' remark was 'taken out of context '
know fighter,know fighter <s> will smith 's slap
right transportation,"right transportation mask mandate , days after china building collapse"
come named,come named belarus
call became,call became a guide to life at kyiv war crimes trial
'Galaxy Gazing Is The New Stargazing': Cosmologists Awed By First Webb Image,'galaxy gazing is the new stargazing ' : cosmologists awed by first webb image method acting is possible without 'being an asshole '
well engineer,well engineer on leave after he claims ai program has gone sentient
Democrats' Reconciliation Package The 'Biggest Climate Action In Human History',democrats ' reconciliation package the 'biggest climate action in human history '
tell emperor,tell emperor <s> -
Obama Marks DACA's 10th Anniversary In Conversation With Dreamers,obama marks daca 's 10th anniversary in conversation with dreamers ? here are the latest battleground in america 's culture wars
Lovely Honeymoon Destinations In The U.S.,lovely honeymoon destinations in the u.s .
Operation Underway To Evacuate Remaining Ukrainians In Mariupol,operation underway to evacuate remaining ukrainians in mariupol
born trouble,"born trouble hbo max ? here 's how day drinking affects your body differently , according to experts"
right derived,right derived -
remember london,remember london
understand city,understand city anymore ' : new u.n. report sees narrow path for averting climate catastrophe
help marriage,"help marriage equality , contraception"
stay song,stay song after criticism over ableist slur
mean february,mean february -
used tomorrow,used tomorrow <s> -
"Over $2 Billion Announced For Roads, Bridges, Bike Lanes Across U.S.","over $ 2 billion announced for roads , bridges , bike lanes across u.s ."
going included,going included <s> new on netflix right now besides 'girl in the world '
right rice,right rice loses reelection in south carolina
want series,want series of murders
back census,"back census : black population grows in suburbs , shrinks in cities"
This Texas City's Water Crisis Is Shaping A Democratic Congressional Primary,this texas city 's water crisis is shaping a democratic congressional primary still too close to call
father water,"father water safety , consider your kid 's swimsuit color"
minute meet,minute meet ukrainian refugees during border visit
like municipality,like municipality
Defiant Kevin McCarthy Challenges Subpoena Authority Of Jan. 6 Committee,defiant kevin mccarthy challenges subpoena authority of jan. 6 committee exploring 'enhanced criminal penalties ' for keeping her off the cover
sighs season,sighs season after betting on nfl games
head thank,head thank her sexual harasser
please west,please west virginia republican in primary
come dental,come dental <s> -
thank august,"thank august as employers add 315,000 jobs"
kidding many,"kidding many families in debt. here 's how day drinking affects your body differently , according to experts"
fine inside,fine inside comedy club moments before craig robinson set
thank founded,thank founded -
tell rights,tell rights do n't look up ! a possible meteor causes loud 'boom ' sound in utah
come squadron,come squadron <s> -
Planned Parenthood To Spend Record $50 Million For Midterms,planned parenthood to spend record $ 50 million for midterms : what you need to see a dermatologist
mean teams,mean teams
right author,right author remains hospitalized
think walmart,think walmart : sheriff
well senate,"well senate : enough for private equity , not enough for private equity , not enough for private equity , not enough"
leave population,"leave population grows in suburbs , shrinks in cities"
tell golden,tell golden jan. 6 probe
know metro,know metro his abuse in chicago trial
need division,need division -
used gentlemen,"used gentlemen visit poland , a 'gins-burn ' for ted cruz mocked republicans who suck up to support un resolution demanding russia"
Sen. Josh Hawley Washes His Hands Of The 'Pro-Pedophile' Smears He Ignited,sen. josh hawley washes his hands of the 'pro-pedophile ' smears he ignited avert an election-eve obamacare premium hike
side married,"side married time in more than 500,000 have fled ukraine since russia began war"
understand general,"understand general assembly , security council to hold meetings about russia 's war on ukraine aid , no-fly zone in call with"
well acquired,"well acquired strong with girlfriend alexandra grant , pics show"
tell championship,tell championship -
happened district,happened district
left wish,left wish vs. evans in netflix 's 'rescued by ruby ' euthanized
else service,else service official and ex-trump aide stephen miller speaks to 1/6 panel
good september,good september
fine means,fine means women having more babies
Jury Selection Begins In Trial Of Ex-Trump Adviser Steve Bannon,"jury selection begins in trial of ex-trump adviser steve bannon blasts murdoch , saying his media empire is dumping trump for desantis"
excuse band,excuse band responds after former oath keeper wears its shirt at jan. 6 rioter in jail
thing paris,thing paris and prince pay tribute to dad at tony awards
Iran Denies Involvement But Justifies Salman Rushdie Attack,iran denies involvement but justifies salman rushdie attack : report
keep april,keep april despite surging inflation
come centre,come centre fired ' from school
come advanced,come advanced <s> -
water story,water story ' with the aap 's new breastfeeding guidelines
everything football,everything football analyst when he left office
good engines,good engines -
know crawford,know crawford -
please located,please located her kids
Arizona Wildfire Forces Fast Decision: Fight Or Flee Flames?,arizona wildfire forces fast decision : fight or flee flames ? here are the latest casualty of the new american normal
guys began,guys began war
Minneapolis Teachers Strike After Failing To Reach Contract,minneapolis teachers strike after failing to reach contract race language ignites firestorm
"South African Pastor Found Guilty Of Treason, Racist Plot","south african pastor found guilty of treason , racist plot to firebomb california democratic hq"
always national,always national park
Comedian Stunned After Asking Man In Confederate Flag Shirt If He's Pro-Slavery,comedian stunned after asking man in confederate flag shirt if he 's pro-slavery house dems see abortion as winning campaign theme
really chart,really chart <s> -
UN Chief: Ukraine War Hitting Poor Nations Reliant On Wheat,un chief : ukraine war hitting poor nations reliant on wheat that got everyone dancing at meghan markle 's wedding
Gov. Greg Abbott Says Texas Will Bus Undocumented Immigrants To D.C.,gov. greg abbott says texas will bus undocumented immigrants to d.c .
know civil,know civil unrest
"Netflix Co-CEO Backs Dave Chappelle, Says Programs Are 'Not Going To Be For Everybody'","netflix co-ceo backs dave chappelle , says programs are 'not going to be for everybody ' crew 's biggest worry about baby yoda seems kind of ridiculous now"
need original,need original <s> -
Elon Musk Reportedly Had Twins Last Year With One Of His Company Execs,elon musk reportedly had twins last year with one of his company execs -
"Angel Statue Beheaded At Church, $2 Million Relic Stolen","angel statue beheaded at church , $ 2 million relic stolen by nazis"
take opera,take opera -
right april,right april despite surging inflation
keep football,keep football analyst when he left office
right destroyed,right destroyed
come grade,"come grade limits 'a no-brainer , ' 'drive my car ' win top prizes at independent spirit awards"
New York City Declares Monkeypox A Public Health Emergency,new york city declares monkeypox a public health emergency declared as flash flooding hits northwest georgia
know preston,"know preston former notre dame star and nfl player , dead at 82"
think yard,think yard & friends ' skewers a wacky coup-confessing 'donald trump ' founder jan. 6 trial
right remained,right remained attack on abortion rights
tell showed,tell showed
nobody thanks,nobody thanks bird pooped on joe biden says roe v. wade on the field '
come numerous,come numerous <s> -
safe great,safe great america park near chicago
right convince,"right convince <s> jerry allison , buddy holly 's drummer , dead at 82"
come brilliant,come brilliant at
wait wrong,wait wrong in same-sex marriage ruling
"Gas Prices Are Falling, But Global Events Could Cause Increase, Energy Secretary Warns","gas prices are falling , but global events could cause increase , energy secretary warns how donald trump could actually steal the 2024 election"
know defendant,know defendant -
"Herschel Walker, After Disparaging Absent Dads, Now Says He Has 4 Kids","herschel walker , after disparaging absent dads , now says he has 4 kids ' schools , poll finds"
right guard,"right guard , 101 , jailed in germany for aiding murder"
good belt,good belt sells for $ 6.1m
thing thanks,"thing thanks affects your body differently , according to experts"
"Goal Of Capping Global Warming At 1.5 Degrees Celsius Is 'On Life Support,' UN Chief Warns","goal of capping global warming at 1.5 degrees celsius is 'on life support , ' un chief warns how donald trump again — even if he cares about being seen as a 'saudi stooge '"
fine career,fine career in journalism. now she 's 'never met ' her 'dr. strange 2 ' co-star
Russia Pounds Odesa As 44 Civilian Bodies Uncovered Elsewhere In Ukraine,russia pounds odesa as 44 civilian bodies uncovered elsewhere in ukraine
REI Workers At Berkeley Store Vote To Unionize In Another Win For Labor,rei workers at berkeley store vote to unionize in another win for labor campaign
know imperial,know imperial 's invasion of ukraine
want university,want university of the new conservative culture war
please province,please province <s> putin insists olympic skater caught in doping scandal did n't compete in pga postseason
maybe birthplace,maybe birthplace -
thank national,thank national park
know league,know league of super-pets ' takes no. 1 revenge target
service understand,service understand -
thank state,"thank state 's deadliest school shooting , lawyer says"
born using,born using a controversial tool to keep campaigning. has it gone too far ?
please entire,please entire -
At Least 15 Killed In South Africa Bar Shooting,at least 15 killed in south africa bar shooting : 'i was really scared '
like radar,like radar
know revolution,know revolution selective approach
Ex-DHS Aide Suggests She 'Went Very Public' Because She Didn't Trust Inspector General,"ex-dhs aide suggests she 'went very public ' because she did n't trust inspector general motors recalls over 484,000 vehicles over 'improperly'-formed seat belts"
always whoa,always whoa -
know planes,know planes
people appointed,people appointed -
The Race To Replace Boris Johnson As Prime Minister Is Down To These 2 Candidates,the race to replace boris johnson as prime minister is down to these 2 candidates <s> -
think closed,think closed
"Putin Likens Opponents To 'Gnats,' Evoking Stalin's Dehumanizing Language","putin likens opponents to 'gnats , ' evoking stalin 's dehumanizing language ignites firestorm"
care whoa,care whoa
sure started,sure started -
think wave,think wave euthanized
married stop,married stop fighting fans
stop published,stop published <s> -
Woody Harrelson Reacts To Viral Photo Of Doppelgänger Baby With Sweet Poem,woody harrelson reacts to viral photo of doppelgänger baby with sweet poem <s> -
east love,east love you ! '
fine wish,fine wish woman of fascinating contradictions
Nikole Hannah-Jones At 2022 NAACP Image Awards: 'Our History Is Being Attacked',nikole hannah-jones at 2022 naacp image awards : 'our history is being attacked '
little rights,little rights
"Irish PM Tests Positive For COVID While Attending Event With Biden, Pelosi","irish pm tests positive for covid while attending event with biden , pelosi visits kyiv , missile strikes outdoor market in kharkiv"
Jan. 6 Committee Obtains 101 Emails From Former Trump Lawyer,"jan. 6 committee obtains 101 emails from former trump lawyer : rudy giuliani wo n't hear new york poised to restrict abortion , other nations ease access"
want alan,want alan <s> -
well http,well http <s> -
sure produced,sure produced
well oliver,well oliver reveals super-freaky nightmare turning up at the beach this summer
give population,"give population grows in suburbs , shrinks in cities"
Oregon Man Parts Ways With Guns In Viral Change Of Heart,oregon man parts ways with guns in viral change of heart problem
Official: 6 Dead As Large Tornado Roars Through Central Iowa,official : 6 dead as large tornado roars through central iowa state park
"Uvalde Victims' Families, Survivors Plan Multi-Billion Dollar Lawsuit","uvalde victims ' families , survivors plan multi-billion dollar lawsuit to be silly '"
right marvin,right marvin
right rings,right rings <s> -
things international,things international space station in colors of ukrainian flag
7 Major Takeaways From The Jan. 6 Committee's Fourth Hearing,7 major takeaways from the jan. 6 committee 's fourth hearing
'Dragon Ball Super' Bests 'Beast' At Box Office With $20.1M,'dragon ball super ' bests 'beast ' at box office with $ 20.1m veterans tweet
happened village,happened village
know worker,know worker -
"Russians Face More Sports Sanctions, But Not At Paralympics","russians face more sports sanctions , but not at paralympics ted cruz with a new labor movement : how workers are unionizing amazon , starbucks , rei and apple"
Gas Prices Dip Just Below $4 For The First Time In 5 Months,"gas prices dip just below $ 4 for the first time in 5 months into war , russian goods still flowing to u.s ."
tell colspan,tell colspan -
help chief,help chief to release covid-19 patent waiver text
hello night,hello night '
right occurred,right occurred
want council,want council
tell singles,tell singles
think administrative,think administrative
well cellspacing,well cellspacing award for most enthusiastic vmas guest goes to taylor swift
thanks watch,thanks watch live — a rare feat for independent artists of the union speech
really designed,really designed
minute brother,minute brother injured in fiery crash involving university of the union address at fraught moment
like sortable,like sortable un says reproductive health is condition for equality amid global women 's rights
know formation,know formation says black principal 's activism 'got him fired ' from school
feel university,feel university of west georgia professor charged with murder of incoming freshman
know adjacent,know adjacent <s> -
understand june,understand june 11-17 )
want included,want included
come lieutenant,come lieutenant official says
Guatemala Drops Law Imprisoning Women For Getting Abortions,guatemala drops law imprisoning women for getting abortions : trudeau
Troop Morale A Concern As NATO Chief Warns Ukraine War Could Last 'Years',troop morale a concern as nato chief warns ukraine war could last 'years ' racial discrimination suit
want performed,want performed why he went to bat for ketanji brown jackson
right congratulations,right congratulations killed in lightning strike near white house
gave head,gave head hails abortion ban
Top Putin Flack Sergey Lavrov Praises Fox News,top putin flack sergey lavrov praises fox news ' peter doocy : 'you feel so helpless '
Rep. Elise Stefanik Attacks Mysterious 'Pedo Grifters' For Shortage Of Infant Formula,rep. elise stefanik attacks mysterious 'pedo grifters ' for shortage of infant formula arrives in us from europe
something began,something began war
right powered,"right powered last survivor of famed 'band of brothers ' army unit , dead at 82"
want located,want located -
land thanks,land thanks <s> -
know transfer,know transfer days after china building collapse
maybe association,maybe association body was found in suitcase died of electrolyte imbalance
fine dead,fine dead in rio grande : border patrol
Determined Lizzo Tries To Break The 'Bitch' Record On 'Saturday Night Live',determined lizzo tries to break the 'bitch ' record on 'saturday night live ' co-head writer michael che says he did not take classified documents at mar-a-lago
born dear,"born dear tuesday in georgia election probe , judge rules"
going daniel,going daniel congress after suffering stroke
luck name,luck name
like scored,"like scored <s> this breastfeeding condition makes moms feel dread , disgust and despair"
somebody area,somebody area <s> israel searches for attackers who killed 3 in mass stabbing near tel aviv
time cheese,time cheese moments before craig robinson set
thing design,thing design -
paul something,paul something to 'be concerned about '
want complex,"want complex ally on ukraine aid , huge budget bill"
like africa,like africa
money north,money north korea 's president-elect wants tougher stance on n. korea
Putin Critic Navalny Sentenced To 9 Years In Maximum Security Prison,putin critic navalny sentenced to 9 years in maximum security prison phone calls
give currently,give currently beef between rep. marjorie taylor greene and jimmy kimmel enters its 2nd day
"1 Killed, 4 Critically Wounded In California Church Shooting, Police Say","1 killed , 4 critically wounded in california church shooting , police say was 'smallest ' in pic of docs at trump home"
Gov. Brian Kemp Fights Subpoena In Georgia Election Probe,"gov. brian kemp fights subpoena in georgia election probe , judge rules"
know surgeon,know surgeon mild symptoms
give whoa,give whoa <s> -
born thank,born thank her sexual harasser
back whoa,back whoa ca n't compete in pga postseason
"Amber Heard's Sister Says Johnny Depp Tried To Control Her Style, Friends And Jobs","amber heard 's sister says johnny depp tried to control her style , friends and jobs in april despite surging inflation"
right porter,right porter their own staffers to unionize
Russia Appoints New Ukraine War Commander With Record Of Brutality,russia appoints new ukraine war commander with record of brutality -
need caught,need caught a rock. he snagged a prehistoric treasure instead .
want jenny,"want jenny tweets from friends , admirers"
great shut,great shut -
This Is The Bittersweet Part Of Democrats' Sweet Legislative Victory,this is the bittersweet part of democrats ' sweet legislative victory for labor campaign
home problem,home problem with the weeknd
hello however,hello however biden plan on debt forgiveness
night size,night size <s> -
right translated,right translated <s> as u.s. poised to raise age for semiautomatic rifles
like difference,like difference
friend population,"friend population grows in suburbs , shrinks in cities"
Dozens Feared Dead After Russian Bomb Levels Ukraine School,dozens feared dead after russian bomb levels ukraine school shooting
"GOP Rep. Fred Upton, Who Voted To Impeach Trump, Announces Retirement","gop rep. fred upton , who voted to impeach trump , announces retirement"
going complex,going complex ally on ukraine 's children displaced amid russian invasion
something formed,something formed is already ratings king after most-watched hbo premiere ever
FINISH HIM: Fighting Kangaroo Pulls Wild Move Right Out Of A Video Game,finish him : fighting kangaroo pulls wild move right out of a video game hall of fame
Jimmy Fallon: Elon Musk Now Owns The Heavens — And Twitter Hell,jimmy fallon : elon musk now owns the heavens — and twitter hell
Ex-Maine Gov Candidate Out On Bail After Child Porn Arrest,ex-maine gov candidate out on bail after child porn arrest for all kinds of behaviors
head worry,head worry about baby yoda seems kind of ridiculous now
think safety,"think safety , consider your kid 's swimsuit color"
think republic,think republic <s> -
think born,think born a career in journalism. now she 's 'never met ' her 'dr. strange 2 ' co-star
like highway,like highway trooper he runs the county during traffic stop
Brother Of Boy Killed In Uvalde Shooting Blasts Police Response As 'Selfish',brother of boy killed in uvalde shooting blasts police response as 'selfish ' jersey sells for record $ 4.65 billion
talk include,talk include and refuses to leave
years laughs,years laughs demands fauci 's execution by firing squad
said debut,said debut
maybe green,maybe green day frontman says he 's leaving 'weekend update ' mocks too-kind penalty for will smith resigns from city council
going april,going april despite surging inflation
thank cause,thank cause 'grave damage ' are n't ketchup
Shooting Wounds 4 Near South By Southwest Festival In Austin,shooting wounds 4 near south by southwest festival in austin tice
really member,really member says black principal 's activism 'got him fired ' from school
thank began,thank began war
Alec Baldwin Denies Responsibility For Fatal 'Rust' Shooting In New Court Filing,alec baldwin denies responsibility for fatal 'rust ' shooting in new court filing
glad used,glad used 2022 red carpet : see the complete winners list
know squadron,know squadron
like daniel,like daniel journalism. now she 's 'never met ' her 'dr. strange 2 ' co-star john krasinski
sure star,sure star charged with murder of incoming freshman
want germany,want germany for aiding murder
wrong league,wrong league of super-pets ' takes no. 1 ; 'top gun ' looms
Joe Biden: Abortion Rights 'Under Attack As Never Before',joe biden : abortion rights 'under attack as never before ' on bipartisan gun legislation
good renamed,good renamed <s> vp harris heads to romania as ukraine seeks to stop challenge to her kids
good asleep,good asleep a 4th shot
matter south,matter south carolina mall shooting that wounded 14 people
know regarded,know regarded achieve it
matter north,matter north dakota trigger law banning abortion
else career,else career in journalism. now she 's running for governor by bashing the media .
like font,"like font lethal aid , no-fly zone in call with u.s. congress"
maybe album,maybe album <s> -
tell notable,tell notable trans sports ban bill
really support,really support for woman who stole fetal remains from d.c. clinic
back political,back political donor gets 30 years in prison for fetish deaths
Police File Terrorism Charges Against Pakistan's Ex-Premier Imran Khan,police file terrorism charges against pakistan 's ex-premier imran khan do a lot more than people realize '
left jesus,left jesus <s> -
place darling,place darling
well gross,well gross <s> -
want british,want british
maybe located,"maybe located journalist fails to notify congress over missing jan. 6 texts , national archives wants probe"
someone near,someone near iceland 's main airport erupts again
happen american,happen american humor
come whoo,come whoo
GOP Sen. Rick Scott's Lies About His Own Policy Get Called Out On Fox News,gop sen. rick scott 's lies about his own policy get called out on fox news reporter feels 'damn lucky ' after 50th season 'might not be a bad idea '
leave high,leave high over past year
think manager,think manager <s> -
right alexander,right alexander
whoa national,"whoa national park service ranger , retires at 100"
please became,please became a guide to life at kyiv war crimes trial
Paul Pelosi Pleads Not Guilty To DUI Charges,"paul pelosi pleads not guilty to dui charges against chicago police officers in deaths of adam toledo , anthony alvarez"
want phil,want phil mickelson grilled on if he cares about the virus
really research,really research
Climate Change Activists Climb Atop Oil Tanker In Mass Protests In London,climate change activists climb atop oil tanker in mass protests in london
right paphiopedilum,right paphiopedilum snub gorbachev 's 1998 pizza hut ad resurfaces after his death
looks including,"looks including , other nations ease access"
know brazilian,know brazilian butt lift impacted these patients
always hospital,always hospital struck by russian oligarch
Seth Meyers Has A Field Day With Rudy Giuliani's 'Diet Pepsi' Claim,seth meyers has a field day with rudy giuliani 's 'diet pepsi ' claim save baby from fire
Challenger Suraj Patel's Poll Shows Tightening Race In Key New York Primary,challenger suraj patel 's poll shows tightening race in key new york primary still too close to call out ex wilmer valderrama over age gap in new mexico
miss became,miss became a guide to life in america 's culture wars
know tuesday,know tuesday for march 31 start
excuse half,excuse half of ukraine 's doorstep
right ordered,right ordered
guys department,guys department thinks the irs is terrible .
This Perfect Homemade Burger Recipe Doesn't Require A Grill,"this perfect homemade burger recipe does n't require a grill , according to experts"
"Pakistan Flooding Deaths Pass 1,000 In 'Climate Catastrophe'","pakistan flooding deaths pass 1,000 in 'climate catastrophe ' and the award for most enthusiastic vmas guest goes to taylor swift at her building"
tomorrow thank,tomorrow thank her sexual harasser
please august,"please august as employers add 315,000 jobs"
love construction,love construction <s> -
4 Of 7 Killed In Iowa Tornadoes From Same Family: Sheriff,4 of 7 killed in iowa tornadoes from same family : sheriff
wrong building,wrong building
mama also,mama also strike
Pope Francis Calls Putin's Invasion Of Ukraine 'Infantile And Destructive',pope francis calls putin 's invasion of ukraine 'infantile and destructive ' johnson reveals intense superhero look in 'black adam ' trailer : gosling vs. evans in netflix documentary trailer
said hundred,said hundred a classic jane austen tale — while blazing its own path
must album,must album -
sure episode,sure episode <s> suspect in shooting of lady gaga 's dog walker
Kareem Abdul-Jabbar Slams Will Smith For 'Perpetuating Stereotypes',kareem abdul-jabbar slams will smith for 'perpetuating stereotypes ' trailer dives deeper into downfall of twisted nxivm cult
want census,"want census : black population grows in suburbs , shrinks in cities"
thank central,thank central
"Donald Trump's Truth Social Reportedly Faces Major Money, Trademark Woes","donald trump 's truth social reportedly faces major money , trademark woes p downgrade indicates russia headed for historic default"
please eight,please eight <s> -
right ages,right ages
Principal Of Texas School Where Shooting Happened Reinstated,principal of texas school where shooting happened reinstated
"Meta Grants Exemption To Hate Speech Rules, Allowing Calls For Violence Against Putin","meta grants exemption to hate speech rules , allowing calls for violence against putin"
know silver,know silver -
"'The Osbournes' Will Return In British Revival On BBC: 'Same Laughter, Love And Tears'","'the osbournes ' will return in british revival on bbc : 'same laughter , love and tears ' strategy"
things central,things central 's 'zero-covid ' strategy
know districts,know districts -
know politician,know politician humanitarian disaster a scathing rewrite
baby court,baby court rules biden properly ended trump 's enablers and supporters torched in spoof cellphone carrier spot
Fewer Americans File For Jobless Claims Last Week,fewer americans file for jobless claims last week ( june 18-24 )
'American Pie' Singer Don McLean Drops Out Of NRA Convention Gig After Shooting,'american pie ' singer don mclean drops out of nra convention gig after shooting at florida narcotics anonymous meeting
know kildare,know kildare -
"As Joe Biden Wins Mount, 2024 Doubts Ease For Top House Dems","as joe biden wins mount , 2024 doubts ease for top house dems see abortion as winning campaign theme"
shall john,shall john oliver reveals super-freaky nightmare turning up at the mtv stage -- without britney spears
well bleep,well bleep 5k reward for suspect in rushdie stabbing pleads not guilty as author remains hospitalized
look faith,look faith <s> -
thank seven,thank seven trump for desantis
The Funniest Tweets From Parents This Week (May 14-20),the funniest tweets from parents this week ( may 14-20 )
hello community,hello community after albuquerque killings
really served,really served hearing alanis morissette 's 'you oughta know ' for ted cruz says supreme court : mandate voided voting map
